n,t,avg_path_length
100,100,50
200,200,100
300,300,150
400,400,200
500,500,250
600,600,300
700,700,350
800,800,400
900,900,450
1000,1000,500
1100,1100,550
1200,1200,600
1300,1300,650
1400,1400,700
1500,1500,750
1600,1600,800
1700,1700,850
1800,1800,900
1900,1900,950
2000,2000,1000
